{
  "gbr": {
    "cv_r2_mean": 0.9973599079924262,
    "cv_r2_std": 0.0013573444687593177,
    "cv_rmse_mean": 0.007963563843183433,
    "cv_rmse_std": 0.0021900477407492376,
    "cv_mae_mean": 0.004308942927000894,
    "cv_mae_std": 0.0007977520147870778,
    "train_r2": 0.9998170639358201
  },
  "ridge": {
    "cv_r2_mean": 0.9183912867605353,
    "cv_r2_std": 0.007968090079456614,
    "cv_rmse_mean": 0.045443272530757514,
    "cv_rmse_std": 0.0022603445814395806,
    "cv_mae_mean": 0.03136417037641744,
    "cv_mae_std": 0.002165278914723768,
    "train_r2": 0.9245752986927394
  },
  "peplife2_validation": {
    "spearman_r": 0.10627097478645108,
    "spearman_p": 5.0505805968389384e-05,
    "n_samples": 1449
  }
}