{
  "model_a_v2_only": {
    "overall_r2": 0.9481970040282852,
    "overall_rmse": 0.03647133052784806,
    "fold_r2_mean": 0.9477535675754669,
    "fold_r2_std": 0.09150176663411021,
    "fold_r2_min": 0.7020281112895298,
    "fold_r2_max": 0.9999043446579112,
    "n_folds": 19
  },
  "model_b_v2_plus_esm": {
    "overall_r2": 0.9176244402450956,
    "overall_rmse": 0.04599105350344074,
    "fold_r2_mean": 0.9163963388516067,
    "fold_r2_std": 0.09702805250798735,
    "fold_r2_min": 0.6782147991532776,
    "fold_r2_max": 0.9985563363964437,
    "n_folds": 19
  },
  "model_c_esm_only": {
    "overall_r2": -0.013910141345826244,
    "overall_rmse": 0.16135183248324877,
    "fold_r2_mean": -0.058487557613646955,
    "fold_r2_std": 0.0739256965347193,
    "fold_r2_min": -0.22702391689217327,
    "fold_r2_max": -0.00023022790062010579,
    "n_folds": 19
  },
  "esm_delta_r2": -0.03057256378318962,
  "n_samples": 912,
  "n_sequences": 19,
  "n_features": {
    "v2": 72,
    "esm": 30,
    "combined": 102
  }
}